cluster_id,atributo_1,atributo_2,atributo_3,atributo_4,atributo_5,atributo_6
0,-0.7029305650326032,-0.6545907361389613,-0.5890277178993303,-0.5730642714449015,-0.3732538238830911,-0.6381147576054417
1,0.40142567502911697,0.22061182499240878,0.4702825630246086,0.29196283157973724,-0.02757232442436384,0.3313303213683344
2,-1.5803878680348946,-1.5478610326600923,-1.7457219248238298,-1.565638456005544,-1.1812829291397453,-1.5885102243940992
3,0.9428869563859179,1.057006609394929,0.8785463272983393,0.940223486706481,0.8934791941214356,0.9635323013601971
