{
  "accuracy": 0.618,
  "precision_weighted": 0.5533217981334737,
  "recall_weighted": 0.618,
  "f1_weighted": 0.579337063913873,
  "precision_per_class": {
    "1": 0.6678787878787878,
    "2": 0.0,
    "3": 0.5008025682182986,
    "4": 0.6757246376811594
  },
  "recall_per_class": {
    "1": 0.9183333333333333,
    "2": 0.0,
    "3": 0.52,
    "4": 0.6216666666666667
  },
  "f1_per_class": {
    "1": 0.7733333333333333,
    "2": 0.0,
    "3": 0.5102207686017989,
    "4": 0.6475694444444444
  },
  "confusion_matrix": [
    [
      551,
      0,
      45,
      4
    ],
    [
      128,
      0,
      63,
      9
    ],
    [
      122,
      0,
      312,
      166
    ],
    [
      24,
      0,
      203,
      373
    ]
  ],
  "n_samples": 2000,
  "n_features": 6
}