{
  "random_state": 42,
  "imputacao": {
    "atributo_1": 0.6487961286114682,
    "atributo_2": 24.681143805763014,
    "atributo_3": 1545.548659663417,
    "atributo_4": 0.6888239067935539,
    "atributo_5": 39.37418025489847,
    "atributo_6": 7108.759601565087
  },
  "outliers": {
    "atributo_1": {
      "lower_bound": -0.3816938615474015,
      "upper_bound": 1.6973525434803405
    },
    "atributo_2": {
      "lower_bound": -16.663760510180957,
      "upper_bound": 66.40342704688885
    },
    "atributo_3": {
      "lower_bound": -7.993693194674734,
      "upper_bound": 3204.7962159168046
    },
    "atributo_4": {
      "lower_bound": -0.0535790139463318,
      "upper_bound": 1.4634574417357924
    },
    "atributo_5": {
      "lower_bound": 31.606480368805002,
      "upper_bound": 47.195650888162994
    },
    "atributo_6": {
      "lower_bound": -76.36662124789382,
      "upper_bound": 14590.044124904876
    }
  },
  "normalizacao": {
    "atributo_1": {
      "media": 0.6487961286114681,
      "std": 0.29612686967028956
    },
    "atributo_2": {
      "media": 24.681143805763014,
      "std": 13.76296769628568
    },
    "atributo_3": {
      "media": 1545.5486596634169,
      "std": 499.56056674547887
    },
    "atributo_4": {
      "media": 0.688823906793554,
      "std": 0.23881619562616493
    },
    "atributo_5": {
      "media": 39.37264853352305,
      "std": 2.783144407954361
    },
    "atributo_6": {
      "media": 7108.759601565087,
      "std": 2323.3819737892245
    }
  }
}