,count,mean,std,min,25%,50%,75%,max
atributo_1,9986.0,0.6506246577994906,0.29566808851753956,0.0,0.400093348462941,0.7415858697878315,0.9178202277701577,1.0
atributo_2,9982.0,24.74561121804074,13.737586404902006,-5.0,14.54286743316775,26.18115910091375,35.31834294705907,50.0
atributo_3,9988.0,1547.6536457387456,499.6418874845052,200.0,1198.5305312173775,1722.53595856041,2000.0,2000.0
atributo_4,9989.0,0.6889759523778022,0.23906210013987947,0.0,0.514892566866824,0.753726015159782,0.895401235962226,1.0
atributo_5,9980.0,39.36607550279024,2.778760335726139,32.0,37.49677975441045,39.44437081809575,41.333190101834646,48.0
atributo_6,9985.0,7120.788519402128,2325.135835617078,0.0,5443.46643569998,7508.3212654955,9103.08360535929,10000.0
classe,10000.0,2.6,1.200060004500375,1.0,1.0,3.0,4.0,4.0
