{
  "feature_cols": [
    "atributo_1",
    "atributo_2",
    "atributo_3",
    "atributo_4",
    "atributo_5",
    "atributo_6"
  ],
  "centers": [
    [
      -1.6385994362616925,
      -1.6219369801247345,
      -1.8459500337107388,
      -1.6151613989170048,
      -1.21939532384409,
      -1.676872787994166
    ],
    [
      0.9394315719690786,
      1.07313825917872,
      0.8707768227566,
      0.9634992416484887,
      1.0233496867196579,
      0.9530235564496883
    ],
    [
      -0.8362321986665034,
      -0.7579792477200219,
      -0.7221561214577685,
      -0.8086479293327371,
      -0.6539049211125876,
      -0.7296498620488059
    ],
    [
      -0.12217859270279992,
      -0.22488021020039195,
      -0.05737460540205676,
      0.15326509933151997,
      0.39108433226439904,
      -0.20436215942221442
    ],
    [
      0.6370812051043445,
      0.46550014983802035,
      0.7022695961112443,
      0.37106139860043624,
      -0.24906787182597295,
      0.6092573615685368
    ]
  ],
  "sigmas": [
    [
      0.34570816326538756,
      0.3883412568865839,
      0.4601481931161543,
      0.5792829224040472,
      0.7101119772152266,
      0.4822739528674548
    ],
    [
      0.2351888684493003,
      0.44167336492754466,
      0.14060821198878615,
      0.2312720492173967,
      0.5733631963248634,
      0.3519147096229272
    ],
    [
      0.5321891626578497,
      0.38278064472784923,
      0.4435910126055992,
      0.5789986224170689,
      0.6682319972964204,
      0.4600569004774725
    ],
    [
      0.5128869437027711,
      0.33118540519170964,
      0.371845918112126,
      0.49587604151014464,
      0.6276011121162588,
      0.4071680586508232
    ],
    [
      0.3352623237777112,
      0.34318193078097015,
      0.24422114945501952,
      0.4915561417939956,
      0.5514219105601301,
      0.377907170019445
    ]
  ],
  "rules": [
    {
      "rule_id": 0,
      "cluster_id": 0,
      "support": 1090,
      "majority_class": 1,
      "confidence": 0.8835,
      "center": [
        -1.6386,
        -1.6219,
        -1.846,
        -1.6152,
        -1.2194,
        -1.6769
      ],
      "sigma": [
        0.3457,
        0.3883,
        0.4601,
        0.5793,
        0.7101,
        0.4823
      ]
    },
    {
      "rule_id": 1,
      "cluster_id": 1,
      "support": 2247,
      "majority_class": 4,
      "confidence": 0.6595,
      "center": [
        0.9394,
        1.0731,
        0.8708,
        0.9635,
        1.0233,
        0.953
      ],
      "sigma": [
        0.2352,
        0.4417,
        0.1406,
        0.2313,
        0.5734,
        0.3519
      ]
    },
    {
      "rule_id": 2,
      "cluster_id": 2,
      "support": 1571,
      "majority_class": 1,
      "confidence": 0.5812,
      "center": [
        -0.8362,
        -0.758,
        -0.7222,
        -0.8086,
        -0.6539,
        -0.7296
      ],
      "sigma": [
        0.5322,
        0.3828,
        0.4436,
        0.579,
        0.6682,
        0.4601
      ]
    },
    {
      "rule_id": 3,
      "cluster_id": 3,
      "support": 1292,
      "majority_class": 3,
      "confidence": 0.3994,
      "center": [
        -0.1222,
        -0.2249,
        -0.0574,
        0.1533,
        0.3911,
        -0.2044
      ],
      "sigma": [
        0.5129,
        0.3312,
        0.3718,
        0.4959,
        0.6276,
        0.4072
      ]
    },
    {
      "rule_id": 4,
      "cluster_id": 4,
      "support": 1800,
      "majority_class": 3,
      "confidence": 0.4728,
      "center": [
        0.6371,
        0.4655,
        0.7023,
        0.3711,
        -0.2491,
        0.6093
      ],
      "sigma": [
        0.3353,
        0.3432,
        0.2442,
        0.4916,
        0.5514,
        0.3779
      ]
    }
  ],
  "cluster_majority": {
    "0": 1,
    "1": 4,
    "2": 1,
    "3": 3,
    "4": 3
  },
  "sigma_scale": 1.0
}