{
  "feature_cols": [
    "atributo_1",
    "atributo_2",
    "atributo_3",
    "atributo_4",
    "atributo_5",
    "atributo_6"
  ],
  "centers": [
    [
      -0.58259294571626,
      -0.5386068267785844,
      -0.43752113899340606,
      -0.11461691301887728,
      0.21749993132084075,
      -0.5316388171879842
    ],
    [
      0.846966820394739,
      0.7799757995524558,
      0.8731574894738007,
      0.6826562947602833,
      0.014539992304927975,
      0.88850824263585
    ],
    [
      -0.8350363938834053,
      -0.7281717653137677,
      -0.7043871302849639,
      -1.227257307406738,
      -1.1416601135440985,
      -0.6672109641415387
    ],
    [
      0.37673474145607305,
      0.17526699365875215,
      0.4095326671520198,
      0.5706121665310252,
      0.7302516331739051,
      0.1877822922939983
    ],
    [
      1.0027730726081994,
      1.225393807803286,
      0.8974887367532648,
      1.0303243309947367,
      1.259144672969918,
      1.0408838301077796
    ],
    [
      0.22527690391510755,
      0.04697273331889115,
      0.29793054725977575,
      -0.21453642562239983,
      -0.6781467115854208,
      0.17428194869869104
    ],
    [
      -1.7334414135494327,
      -1.7534835376777846,
      -2.0126803824240036,
      -1.8549359044222693,
      -1.4791477865259954,
      -1.8137056928635678
    ],
    [
      -1.362141211909636,
      -1.2924318561091228,
      -1.4015126720348001,
      -0.8217311210834386,
      -0.35510285644363926,
      -1.3535664363621744
    ]
  ],
  "sigmas": [
    [
      0.46600513305569163,
      0.2973119946384635,
      0.34378923248064747,
      0.4936064948800329,
      0.565207044564206,
      0.3912307340160084
    ],
    [
      0.23194879106421523,
      0.3415006585395648,
      0.09312269652847502,
      0.3442992587701593,
      0.44623837882353273,
      0.30125339423193076
    ],
    [
      0.5183584028178417,
      0.3558803538994314,
      0.3741648688995053,
      0.510834038700868,
      0.5313585248866082,
      0.3848859535853574
    ],
    [
      0.42037548177128503,
      0.28854143230379853,
      0.3134770999051666,
      0.3404841357077607,
      0.48691910805728555,
      0.3326118000108315
    ],
    [
      0.17648563539859372,
      0.3941779398363223,
      0.11337664239932214,
      0.18710705520527718,
      0.4940605482144461,
      0.2846891216002252
    ],
    [
      0.4009563444696152,
      0.30360579388660236,
      0.335119077565463,
      0.5050695060038735,
      0.5112490714927239,
      0.3766707165897374
    ],
    [
      0.28801982618962,
      0.3516951790775648,
      0.43001483549607356,
      0.44577454725805316,
      0.5932425875617123,
      0.4643965896194263
    ],
    [
      0.3868828557610987,
      0.2970969409325822,
      0.3566354206986501,
      0.538069542156625,
      0.5371128125931602,
      0.37129164486233446
    ]
  ],
  "rules": [
    {
      "rule_id": 0,
      "cluster_id": 0,
      "support": 890,
      "majority_class": 1,
      "confidence": 0.5,
      "center": [
        -0.5826,
        -0.5386,
        -0.4375,
        -0.1146,
        0.2175,
        -0.5316
      ],
      "sigma": [
        0.466,
        0.2973,
        0.3438,
        0.4936,
        0.5652,
        0.3912
      ]
    },
    {
      "rule_id": 1,
      "cluster_id": 1,
      "support": 1528,
      "majority_class": 4,
      "confidence": 0.5537,
      "center": [
        0.847,
        0.78,
        0.8732,
        0.6827,
        0.0145,
        0.8885
      ],
      "sigma": [
        0.2319,
        0.3415,
        0.0931,
        0.3443,
        0.4462,
        0.3013
      ]
    },
    {
      "rule_id": 2,
      "cluster_id": 2,
      "support": 774,
      "majority_class": 1,
      "confidence": 0.5568,
      "center": [
        -0.835,
        -0.7282,
        -0.7044,
        -1.2273,
        -1.1417,
        -0.6672
      ],
      "sigma": [
        0.5184,
        0.3559,
        0.3742,
        0.5108,
        0.5314,
        0.3849
      ]
    },
    {
      "rule_id": 3,
      "cluster_id": 3,
      "support": 1043,
      "majority_class": 3,
      "confidence": 0.5129,
      "center": [
        0.3767,
        0.1753,
        0.4095,
        0.5706,
        0.7303,
        0.1878
      ],
      "sigma": [
        0.4204,
        0.2885,
        0.3135,
        0.3405,
        0.4869,
        0.3326
      ]
    },
    {
      "rule_id": 4,
      "cluster_id": 4,
      "support": 1435,
      "majority_class": 4,
      "confidence": 0.724,
      "center": [
        1.0028,
        1.2254,
        0.8975,
        1.0303,
        1.2591,
        1.0409
      ],
      "sigma": [
        0.1765,
        0.3942,
        0.1134,
        0.1871,
        0.4941,
        0.2847
      ]
    },
    {
      "rule_id": 5,
      "cluster_id": 5,
      "support": 925,
      "majority_class": 3,
      "confidence": 0.493,
      "center": [
        0.2253,
        0.047,
        0.2979,
        -0.2145,
        -0.6781,
        0.1743
      ],
      "sigma": [
        0.401,
        0.3036,
        0.3351,
        0.5051,
        0.5112,
        0.3767
      ]
    },
    {
      "rule_id": 6,
      "cluster_id": 6,
      "support": 689,
      "majority_class": 1,
      "confidence": 0.8999,
      "center": [
        -1.7334,
        -1.7535,
        -2.0127,
        -1.8549,
        -1.4791,
        -1.8137
      ],
      "sigma": [
        0.288,
        0.3517,
        0.43,
        0.4458,
        0.5932,
        0.4644
      ]
    },
    {
      "rule_id": 7,
      "cluster_id": 7,
      "support": 716,
      "majority_class": 1,
      "confidence": 0.8226,
      "center": [
        -1.3621,
        -1.2924,
        -1.4015,
        -0.8217,
        -0.3551,
        -1.3536
      ],
      "sigma": [
        0.3869,
        0.2971,
        0.3566,
        0.5381,
        0.5371,
        0.3713
      ]
    }
  ],
  "cluster_majority": {
    "0": 1,
    "1": 4,
    "2": 1,
    "3": 3,
    "4": 4,
    "5": 3,
    "6": 1,
    "7": 1
  },
  "sigma_scale": 1.0
}