{
  "feature_cols": [
    "atributo_1",
    "atributo_2",
    "atributo_3",
    "atributo_4",
    "atributo_5",
    "atributo_6"
  ],
  "centers": [
    [
      -0.21499816459306503,
      -0.2787616558670482,
      -0.11612976792970885,
      -0.2009767022247957,
      -0.20878794069455253,
      -0.2165983830537139
    ],
    [
      -1.4274490769520232,
      -1.370108129190754,
      -1.51351536436855,
      -1.357957855858281,
      -1.0045312557507124,
      -1.4035844520287164
    ],
    [
      0.8415389830360697,
      0.8551592918579427,
      0.8190241443344415,
      0.7982424847246791,
      0.6298691923819452,
      0.8308725318212768
    ]
  ],
  "sigmas": [
    [
      0.5794535366242153,
      0.39390854534173486,
      0.46732646584816956,
      0.6064493443248338,
      0.7642334343744847,
      0.47877490753950147
    ],
    [
      0.4547401934028869,
      0.46579754929523165,
      0.5725527613887657,
      0.6544577563620058,
      0.751647378787067,
      0.5483389138140129
    ],
    [
      0.2927191040409984,
      0.48373115878449463,
      0.19423701100583943,
      0.35479908931361365,
      0.7520451971358816,
      0.39994202233554405
    ]
  ],
  "rules": [
    {
      "rule_id": 0,
      "cluster_id": 0,
      "support": 2442,
      "majority_class": 3,
      "confidence": 0.3677,
      "center": [
        -0.215,
        -0.2788,
        -0.1161,
        -0.201,
        -0.2088,
        -0.2166
      ],
      "sigma": [
        0.5795,
        0.3939,
        0.4673,
        0.6064,
        0.7642,
        0.4788
      ]
    },
    {
      "rule_id": 1,
      "cluster_id": 1,
      "support": 1830,
      "majority_class": 1,
      "confidence": 0.8077,
      "center": [
        -1.4274,
        -1.3701,
        -1.5135,
        -1.358,
        -1.0045,
        -1.4036
      ],
      "sigma": [
        0.4547,
        0.4658,
        0.5726,
        0.6545,
        0.7516,
        0.5483
      ]
    },
    {
      "rule_id": 2,
      "cluster_id": 2,
      "support": 3728,
      "majority_class": 4,
      "confidence": 0.5692,
      "center": [
        0.8415,
        0.8552,
        0.819,
        0.7982,
        0.6299,
        0.8309
      ],
      "sigma": [
        0.2927,
        0.4837,
        0.1942,
        0.3548,
        0.752,
        0.3999
      ]
    }
  ],
  "cluster_majority": {
    "0": 3,
    "1": 1,
    "2": 4
  },
  "sigma_scale": 1.0
}