{
  "feature_cols": [
    "atributo_1",
    "atributo_2",
    "atributo_3",
    "atributo_4",
    "atributo_5",
    "atributo_6"
  ],
  "centers": [
    [
      -0.7026881583498158,
      -0.653380854832367,
      -0.5875061006496086,
      -0.5718179668582515,
      -0.3717848639191093,
      -0.637034233016846
    ],
    [
      0.40395903598725025,
      0.22207594755582263,
      0.4716213621373243,
      0.29324492336446045,
      -0.028664074812112417,
      0.3331856484864035
    ],
    [
      -1.5803167562398504,
      -1.547706036552649,
      -1.7454072377796728,
      -1.5651203482146312,
      -1.1801818746683879,
      -1.588331378865113
    ],
    [
      0.9430664016595292,
      1.0577305284924114,
      0.8785505412790098,
      0.940560550793105,
      0.8953953541171848,
      0.9637101220593784
    ]
  ],
  "sigmas": [
    [
      0.5316141324246084,
      0.3633624872358883,
      0.429099714939662,
      0.6192813995165843,
      0.7754944908888848,
      0.451829362290198
    ],
    [
      0.43379817203439064,
      0.3483864900181658,
      0.3596016625069186,
      0.47863330847189,
      0.6950985227705022,
      0.4270447902723999
    ],
    [
      0.37750978986246736,
      0.421195202427118,
      0.5033424140902136,
      0.5839384189554495,
      0.7024657207260241,
      0.5138925252126154
    ],
    [
      0.22005023004029614,
      0.4244251641227376,
      0.12811615601733092,
      0.244267817483909,
      0.6487091562933902,
      0.33427561681433987
    ]
  ],
  "rules": [
    {
      "rule_id": 0,
      "cluster_id": 0,
      "support": 1871,
      "majority_class": 1,
      "confidence": 0.5345,
      "center": [
        -0.7027,
        -0.6534,
        -0.5875,
        -0.5718,
        -0.3718,
        -0.637
      ],
      "sigma": [
        0.5316,
        0.3634,
        0.4291,
        0.6193,
        0.7755,
        0.4518
      ]
    },
    {
      "rule_id": 1,
      "cluster_id": 1,
      "support": 2329,
      "majority_class": 3,
      "confidence": 0.4852,
      "center": [
        0.404,
        0.2221,
        0.4716,
        0.2932,
        -0.0287,
        0.3332
      ],
      "sigma": [
        0.4338,
        0.3484,
        0.3596,
        0.4786,
        0.6951,
        0.427
      ]
    },
    {
      "rule_id": 2,
      "cluster_id": 2,
      "support": 1272,
      "majority_class": 1,
      "confidence": 0.8585,
      "center": [
        -1.5803,
        -1.5477,
        -1.7454,
        -1.5651,
        -1.1802,
        -1.5883
      ],
      "sigma": [
        0.3775,
        0.4212,
        0.5033,
        0.5839,
        0.7025,
        0.5139
      ]
    },
    {
      "rule_id": 3,
      "cluster_id": 3,
      "support": 2528,
      "majority_class": 4,
      "confidence": 0.6614,
      "center": [
        0.9431,
        1.0577,
        0.8786,
        0.9406,
        0.8954,
        0.9637
      ],
      "sigma": [
        0.2201,
        0.4244,
        0.1281,
        0.2443,
        0.6487,
        0.3343
      ]
    }
  ],
  "cluster_majority": {
    "0": 1,
    "1": 3,
    "2": 1,
    "3": 4
  },
  "sigma_scale": 1.0
}