{
  "feature_cols": [
    "atributo_1",
    "atributo_2",
    "atributo_3",
    "atributo_4",
    "atributo_5",
    "atributo_6"
  ],
  "centers": [
    [
      -0.3316802228136428,
      -0.3599971817369985,
      -0.2231460032014823,
      -0.7852955241674372,
      -0.9191651899010385,
      -0.26869049178530324
    ],
    [
      0.009061410134046214,
      -0.11314159047154997,
      0.06675069622099275,
      0.3121418019523011,
      0.5018577580870848,
      -0.0894611664783884
    ],
    [
      -1.6447159550371062,
      -1.62589262953335,
      -1.855644162427982,
      -1.7120094984347263,
      -1.345231367520051,
      -1.6747639683732516
    ],
    [
      0.9646569199862408,
      1.1293591481064382,
      0.8818710042652825,
      0.9895400636801863,
      1.125965395934174,
      0.9840990586838031
    ],
    [
      -1.118004522023534,
      -1.0284317682480377,
      -1.0481595790186797,
      -0.6528008668156003,
      -0.252472151672311,
      -1.0654108453507323
    ],
    [
      0.7285712641796136,
      0.5938922213309614,
      0.7890287330511464,
      0.5099275767332928,
      -0.1308727920352108,
      0.7275869632087533
    ]
  ],
  "sigmas": [
    [
      0.5457401567269493,
      0.34664003056995585,
      0.3964514669693321,
      0.567516293326482,
      0.5824717378781666,
      0.39439225877111234
    ],
    [
      0.49961456546540695,
      0.3195524172204507,
      0.3644774797393298,
      0.4292430996570483,
      0.5669025117952408,
      0.36770439756720674
    ],
    [
      0.35441215666480896,
      0.40618705224261553,
      0.48456261592983474,
      0.5110565399133609,
      0.6289089444654734,
      0.5062422484873984
    ],
    [
      0.2115340253746723,
      0.4315974950318357,
      0.12535175717736952,
      0.2159755458393184,
      0.5323903884513911,
      0.330195002564616
    ],
    [
      0.4449158737338913,
      0.32160155023651144,
      0.38474751273315294,
      0.5864428391538178,
      0.6179497276017137,
      0.3995669081019407
    ],
    [
      0.29831440978153356,
      0.34435030700361585,
      0.1827980535041477,
      0.4235839579599707,
      0.5064220938857544,
      0.3507331727334831
    ]
  ],
  "rules": [
    {
      "rule_id": 0,
      "cluster_id": 0,
      "support": 1019,
      "majority_class": 1,
      "confidence": 0.367,
      "center": [
        -0.3317,
        -0.36,
        -0.2231,
        -0.7853,
        -0.9192,
        -0.2687
      ],
      "sigma": [
        0.5457,
        0.3466,
        0.3965,
        0.5675,
        0.5825,
        0.3944
      ]
    },
    {
      "rule_id": 1,
      "cluster_id": 1,
      "support": 1266,
      "majority_class": 3,
      "confidence": 0.4329,
      "center": [
        0.0091,
        -0.1131,
        0.0668,
        0.3121,
        0.5019,
        -0.0895
      ],
      "sigma": [
        0.4996,
        0.3196,
        0.3645,
        0.4292,
        0.5669,
        0.3677
      ]
    },
    {
      "rule_id": 2,
      "cluster_id": 2,
      "support": 988,
      "majority_class": 1,
      "confidence": 0.8775,
      "center": [
        -1.6447,
        -1.6259,
        -1.8556,
        -1.712,
        -1.3452,
        -1.6748
      ],
      "sigma": [
        0.3544,
        0.4062,
        0.4846,
        0.5111,
        0.6289,
        0.5062
      ]
    },
    {
      "rule_id": 3,
      "cluster_id": 3,
      "support": 1891,
      "majority_class": 4,
      "confidence": 0.6795,
      "center": [
        0.9647,
        1.1294,
        0.8819,
        0.9895,
        1.126,
        0.9841
      ],
      "sigma": [
        0.2115,
        0.4316,
        0.1254,
        0.216,
        0.5324,
        0.3302
      ]
    },
    {
      "rule_id": 4,
      "cluster_id": 4,
      "support": 1050,
      "majority_class": 1,
      "confidence": 0.7162,
      "center": [
        -1.118,
        -1.0284,
        -1.0482,
        -0.6528,
        -0.2525,
        -1.0654
      ],
      "sigma": [
        0.4449,
        0.3216,
        0.3847,
        0.5864,
        0.6179,
        0.3996
      ]
    },
    {
      "rule_id": 5,
      "cluster_id": 5,
      "support": 1786,
      "majority_class": 4,
      "confidence": 0.4703,
      "center": [
        0.7286,
        0.5939,
        0.789,
        0.5099,
        -0.1309,
        0.7276
      ],
      "sigma": [
        0.2983,
        0.3444,
        0.1828,
        0.4236,
        0.5064,
        0.3507
      ]
    }
  ],
  "cluster_majority": {
    "0": 1,
    "1": 3,
    "2": 1,
    "3": 4,
    "4": 1,
    "5": 4
  },
  "sigma_scale": 1.0
}